{"cameraMode":{"drawMode":0,"name":"Shaded","section":"Shading Mode"},"sceneLighting":false,"audioPlay":false,"sceneViewState":{"m_AlwaysRefresh":false,"showFog":true,"showSkybox":true,"showFlares":true,"showImageEffects":true,"showParticleSystems":true,"showVisualEffectGraphs":true,"m_FxEnabled":true},"in2DMode":false,"pivot":{"x":4.576262474060059,"y":4.115592002868652,"z":-6.654736518859863},"rotation":{"x":0.10044335573911667,"y":0.06263895332813263,"z":-0.0063554286025464539,"w":0.9930103421211243},"size":2.2808098793029787,"orthographic":false}